user_id,house_2vec
1,"[0.11400535815220791,0.11990898571442812,0.054273656053701415,0.08881603516812903,0.09536110734567046]"
2,"[-0.12398990836778753,0.004750990923065202,0.18008125612610265,-0.08037495409677688,-0.1954166761746532]"
3,"[-0.02873943978920579,-0.0059012369747506455,0.03321310499450192,0.007847524131648242,-0.06255068903556094]"
4,"[0.13396604638546705,0.08455203287667246,0.06793999220099067,0.10812877219723305,0.09045456767671567]"
5,"[-0.31129438033246476,0.24595542088069994,-0.46867577723510884,0.6691734034811024,0.5145444769574248]"
6,"[-0.15991106918114434,0.13228543241127905,-0.25309171002935354,0.36110754647869353,0.26347337498552575]"
7,"[0.00424058942922524,0.1446173656598798,0.10023243799805641,-0.0373517427360639,0.05960349765207086]"
8,"[-0.5159443127499386,0.42538627004250884,-0.6232924559576946,0.8054592426950958,0.5829190422188152]"
9,"[0.05884229713542895,0.09622210872740569,0.1461152140982449,-0.10304401353509589,0.08233376486565579]"
10,"[-0.11983538278844208,-0.03154581446200609,0.16633345500566066,-0.08206453969702125,-0.10147853142581881]"
11,"[-0.011446187626172949,0.16195606642470856,-0.25254056218829823,0.4640029498586068,0.30125441402196884]"
12,"[-0.008844591036904603,0.058516008934626974,0.03451548997933666,0.03873411624226719,-0.04693167111448322]"
13,"[-0.046076485680209264,0.12675805499828938,0.05770597221433288,-0.11613186981735957,-0.018017521723070078]"
14,"[-0.3196611443889283,0.3192857683281458,-0.47756287961133886,0.6667246772419838,0.47501871096236364]"
15,"[0.024852797222722853,0.1668110809488488,0.12350746044623,0.04569211467917609,0.020437874964305332]"
16,"[0.262188005805859,0.2641325304723995,0.11140262198476296,0.11703275741552406,0.18046644235135248]"
17,"[0.17510712460526043,0.22430802864255384,0.10744561893045014,0.13959539951922903,0.17122124486957632]"
18,"[0.0301365952438894,0.11158708694411497,0.09936468533123843,0.03192792508172501,0.003728822104355512]"
19,"[0.16985560747839157,0.15089797277801806,0.055477911320381934,0.1362339614070065,0.15087475313228513]"
20,"[-0.06050219408559713,0.01673039640992695,0.06120129993323945,-0.007217718290226642,0.04114765857061571]"
21,"[-0.06430634787840235,0.016212882623857967,0.129568020445197,-0.008462844663983459,-0.09615981022801276]"
22,"[-0.15429503750056028,0.04868929419899359,0.04509332794178691,-0.001803905871282849,0.008203519016711248]"
23,"[0.2464378365315497,0.2407045657094568,0.09040207784622908,0.10216310263611376,0.09283766779117286]"
24,"[-0.051681748479259784,0.10384791937691193,0.09286239588012297,0.06666370953812643,-0.04420289032471676]"
25,"[-0.18736715564647546,0.06778288738300595,0.19309029961004853,-0.06079207271194229,-0.052872135554655246]"
26,"[-0.483221079355904,0.2841573188613568,-0.711075267621449,1.0563930741378238,0.6908078619412014]"
27,"[0.16038835205694252,0.13457792904227972,0.03032996184079022,0.13854373565579697,0.14874260185468124]"
28,"[0.03074044091044925,0.07670097064068873,0.09763779684622671,0.05509361707455744,-0.02643713493099702]"
29,"[0.176908759337697,0.15096195484859062,0.11657793595761394,0.05331688104614393,0.04181705400653517]"
30,"[-0.01715497576421307,0.20578752974829365,0.20792201762237855,-0.053522927926913384,-0.048574102712014025]"
31,"[0.3322630028964744,0.19567424974714714,-0.03200367972668674,0.2902860423136088,0.30708889694263536]"
32,"[0.03173148656884829,0.1839628657636543,-0.18166069655368725,0.3147227152871589,0.3443114412026868]"
33,"[-0.00482480715010127,0.15380321823135773,-0.1070106707024153,0.2582914717354332,0.16964440889223809]"
34,"[-0.2248985988341949,0.04975781735794788,0.080465281276371,-0.07897461517925629,-0.040523543805730616]"
35,"[-0.26374395668287487,0.39814529042033586,-0.48869341655689125,0.427978012491675,0.3293596981641124]"
36,"[0.11797276698052883,0.19748378256335855,0.0756338881328702,0.11810199469327927,-0.039618835086002946]"
37,"[-0.4296555829932913,0.36888984125107527,-0.5572524350136518,0.9030543155968189,0.6426635449752212]"
38,"[-0.4178381022065878,0.31170986596351635,-0.5225673724825566,0.8014050515798422,0.5362505462880318]"
39,"[0.3160930465592045,0.20301486101841004,0.10110627712918,0.1745362441435876,0.19563863686823718]"
40,"[-0.2776781891265677,0.2908011376931672,-0.36689292804323254,0.43665180603663123,0.30064837059508714]"
41,"[-0.0722468588625061,0.04432631403881501,0.14774620999239058,-0.021552148611938698,-0.09205524554040204]"
42,"[0.0352296293182766,0.10515985719259095,0.0013365589017515938,0.10309401257404101,0.05378787695029283]"
43,"[-0.15559276152292595,0.12745963381694667,-0.26001637050078485,0.43111511507966355,0.3187779540751887]"
44,"[0.10515485768732817,0.19537834300781073,-0.1321824199479559,0.1349038811319548,0.1343497413655986]"
45,"[0.008903875498584023,0.11337562742367112,0.028935856392275094,0.08502898225690135,0.07924129907214256]"
46,"[-0.4604281296746598,0.3956203352039059,-0.5717252868193167,0.8069708217625264,0.5381385477052795]"
47,"[-0.07601969949477776,0.029327125514321255,0.026477876697864496,0.12670162252404474,0.003785357620059089]"
48,"[0.0985959975514561,0.0900382548570633,0.10136425072172035,-0.08405602001585066,-0.08270539345297341]"
49,"[-0.02056752987915561,0.22466210675026688,0.07766849121877124,0.10668704694225674,0.08222571698327859]"
50,"[0.26852741327724955,0.16369068269666873,0.056145643325228436,0.18799941552998986,0.20147204428519072]"
51,"[0.012024679687998936,0.059069899171208376,0.06426231326211405,0.03453967755363471,-0.01376775339367273]"
52,"[-0.11861610739377507,-0.013150835948947228,0.14271892776116402,0.01079209607601035,-0.13066667361642445]"
53,"[0.08000379020813853,0.045583601924590766,0.02103279996663332,0.08001369279809296,0.06363998614251613]"
54,"[-0.6690426015605528,0.3548415700594584,-0.6694721976915995,1.3165030082066853,0.9888741572697957]"
55,"[-0.003127487651495771,-0.03501301383684305,0.2757226719351655,-0.03481257698414001,-0.12666267190467229]"
56,"[-0.4296461846679449,0.3555070024369092,-0.529103549133087,0.7301323866664335,0.5335021150009386]"
57,"[0.18591047543155564,0.11624986302715463,0.06118880936030345,0.16187608688504718,0.13489336030612306]"
58,"[-0.3086117081876312,0.21486116732869828,-0.41678215683038744,0.6669108444425677,0.4843649003521672]"
59,"[0.2457743451337923,0.08422684810515917,0.04356009700462561,0.19152426830656955,0.1611215002326803]"
60,"[-0.04539830810748614,0.07938514191370745,0.0032155983723126925,0.27743548441391724,0.2489746382030157]"
61,"[0.077073324318917,0.3552386963638128,0.03884025879960973,0.0023665080952923745,0.17925823615223635]"
62,"[-0.06739634064219785,0.03912257632794773,0.15298334849284007,-0.03338875731379862,-0.14164178234927263]"
63,"[0.02120535943745258,0.1026889235599319,0.13300754063183795,0.03939664161314156,0.03703254088759422]"
64,"[0.0102564085750868,0.10879345936700702,0.07413545724771478,0.03841655080716865,0.0312583459993167]"
65,"[-0.11866120267659426,0.08056247606873512,0.20451321959495544,-0.007761773522943259,-0.08850428005680443]"
66,"[0.062306268497522244,0.12393440638326718,0.08242465675444989,0.02020278419035354,0.04228747910914981]"
67,"[-0.14067080036665386,0.19521634621868053,0.06252981484151231,0.04353859411695829,0.07587460874436566]"
68,"[-0.0666712214569946,0.003903227969022346,0.10059770219760318,-0.0031645737516765413,-0.0845973884926955]"
69,"[0.010382302571088076,0.20964537960727042,-0.0373184530109894,0.21823943534684254,0.1842672308202742]"
70,"[0.1296924651916405,0.1784840196778532,0.13285343416906212,0.12539494443418722,0.057460343548362804]"
71,"[0.20130110874306412,0.09663887561764568,-0.14357737489044667,0.2994407301070169,0.24952311534434557]"
72,"[-0.0023096755945256776,0.35077274463006425,-0.19379974643566777,0.44757876231202054,0.43996550665636147]"
73,"[-0.08064929306595425,0.010166040553454438,0.2064968644368366,-0.08606230360375525,-0.2108152402797714]"
74,"[0.022064741525043556,0.06258609446605759,0.11115748578539261,0.007053880330331467,-0.03660784366742506]"
75,"[0.2223140580075172,0.16258448029920045,0.14595881378692058,0.061303772058130965,0.12310417820440811]"
76,"[0.23855166685888948,0.17694090961721604,0.1760592976504046,0.07328759397015623,0.09534994704122453]"
77,"[-0.026540937980538918,0.20584742489613983,0.26919945309820925,-0.31025901456412514,0.032375703957912165]"
78,"[0.016256059985607862,0.2566391565099669,-0.04788883961737156,0.4020069181472839,0.2999751907967341]"
79,"[0.30346799128757856,0.25351260930161784,0.06719169313846915,0.1459856266500773,0.11863975257060869]"
80,"[-0.08000627276411058,0.017556578187443512,0.15300065117863643,-0.05949344567488879,-0.10432193368232172]"
81,"[-0.5777885715166727,0.20257735500733057,-0.6175769319136937,1.094557880113522,0.8370094050963719]"
82,"[0.01169742105412297,0.09385189467575401,0.03796213652276492,0.054716717294650156,0.06280953512759879]"
83,"[0.009082908064804295,0.16664365542502227,0.1626263706394556,-0.006779444213448601,0.0056157480734823784]"
84,"[0.2105793337810182,0.19780669601305442,-0.040284035272677154,0.26150668761898377,0.2565567620920346]"
85,"[0.13421431813470047,0.11874283704420795,0.025243866540815518,0.08213590131060261,0.06849954538452237]"
86,"[-0.1602288124644581,0.11735775055108116,0.10669145194411862,0.014876643679670844,0.12257582263327112]"
87,"[0.012900467532185409,0.08930312025432403,0.07511933606404525,-0.03125006676866458,0.07251800023592436]"
88,"[-0.21920107383021087,0.08236624031912448,0.1690406949627538,-0.14441112762447014,-0.016063141214206468]"
89,"[-0.08644456179089452,0.021540478914900404,0.04578694299301625,0.02774166862804034,-0.09825121164814063]"
90,"[0.022450958493573127,0.13407319416292013,-0.06154215382412076,0.0971402091672644,0.1005752587429015]"
91,"[0.08721778250080259,0.15214156666124912,0.07424671807866387,0.02801588230801574,0.06063386791839632]"
92,"[-0.02861363356350921,-0.038031962292734534,0.11522438563406467,-0.0012014004241791554,-0.1372182304621674]"
93,"[-0.05354828435099787,0.13693670296731095,-0.12205037460145024,0.3260186801431701,0.16953292968682945]"
94,"[-0.5876333284027436,0.44594809675917907,-0.6644190953058355,0.9194074242978412,0.6776367434683968]"
95,"[0.09341653954601825,0.12454537732554669,0.10399143466431843,-0.03051171957207073,0.02040163459102238]"
96,"[0.14042726130980365,0.2653028873094129,-0.032417941838502884,0.24686985308708587,0.22632702342498132]"
97,"[-0.114285280157266,0.12713180923160036,0.07277917041411174,-0.010957158700530899,0.057912050923011424]"
98,"[0.02940550838257112,0.06813419834222821,0.14191773777738922,0.026484582920573534,-0.07541600570437454]"
99,"[-0.3632812623333718,0.3280616336901273,-0.4137225272932223,0.5555127733653145,0.3520514709342803]"
100,"[0.037621055873302375,0.0695663592299429,-0.003406790683533404,0.18693059156039538,0.11573316109427642]"
101,"[-0.030305342939801704,0.09310746672921455,0.20530380564144787,-0.11286355082232218,-0.018842941364989832]"
102,"[-0.501407308341004,0.185338242771104,-0.548137004673481,1.1322337437421084,0.782940223813057]"
103,"[0.011785013388474415,0.09704502289942295,0.09313102900874591,0.035048768294154986,-0.007807140137977255]"
104,"[-0.04647669371393487,0.023489823256890606,0.08419648537001624,0.06760002144128377,-0.007178108284880561]"
105,"[-0.05108408048742246,0.04206527331043354,0.1275776309290706,0.00424367499231808,-0.12696591141299154]"
106,"[-0.21081885392777622,-0.0029486524096379676,0.2788951310018698,-0.15965492619822422,-0.11732882071131219]"
107,"[-0.36247634786464594,0.49984214677596867,-0.5132909046243066,0.48401662966479425,0.37132390912460245]"
108,"[-0.05643618170756335,0.08376603836522382,0.0817701569410251,0.04414382397069358,0.03362978055306217]"
109,"[-0.29457007448568384,0.33386463589138454,-0.4823430750381063,0.5431096840787817,0.46744971439518307]"
110,"[0.049449345810959736,0.21606132242207726,0.09572523708144824,0.1357797960129877,0.2062830984747658]"
111,"[-0.1314306427478133,0.01916287243092323,0.12389041790556089,0.025900694701418866,-0.1802359910060962]"
112,"[-0.07314327490947596,0.32871012709943986,-0.10862838667703838,0.1471161283098343,0.17971663306489952]"
113,"[0.061590913791999054,0.058143686533541135,0.01310944299051619,0.13753263204378763,0.06414977989017802]"
114,"[-0.166613504904407,-0.013565855905074965,0.23329962451349606,-0.17417154274880886,-0.1387081297791817]"
115,"[0.09710305107259892,0.12512118610464137,0.0039119173785390916,0.17890371402967975,0.13140403652844362]"
116,"[0.09501640259837493,0.12645361071022657,-0.014579398605303885,0.34012021262867326,0.2520461432062662]"
117,"[-0.22453257791161285,0.15187476138126546,-0.37420727236796236,0.687887128695088,0.5418885905863875]"
118,"[0.31578022986650467,0.1802619167137891,-0.02173941256478429,0.3765653118462069,0.32939250103663653]"
119,"[-0.15342385071003548,0.023771412322024083,0.15607479230716487,-0.03304435401670845,-0.16377699742419907]"
120,"[0.19830950209870934,0.11189480125904083,-0.20602552639320493,0.5128220077604055,0.49040254205465317]"
121,"[-0.35285265490944895,0.4319330354531606,-0.5411600342818669,0.584076497792488,0.5018003898717108]"
122,"[-0.012606643345206977,0.07377215908670967,0.12211282637478275,0.02883754625323821,-0.06594925573011014]"
123,"[-0.16508664552468894,0.12499526088927373,0.11537211358027402,0.02434638307191605,-0.07142448710104407]"
124,"[-0.05954636686254998,0.2477712881675846,-0.04303652230599845,0.10081246781565652,0.1632141933801609]"
125,"[-0.07743006055919915,0.04578819572945468,0.12665826560029936,0.02778876012014066,-0.14829311857963157]"
126,"[-0.5964189362194803,0.391138802230772,-0.6487592690520816,1.076254352927208,0.6690106681651539]"
127,"[0.07135579351928424,-0.0161442445083098,0.15294609354300934,-0.007099734598093412,-0.02627014538103884]"
128,"[0.3506986940729207,0.09031516310341399,0.00857960780408105,0.20246883985939723,0.324947413121318]"
129,"[-0.04875459547252639,0.04276293343619297,0.16103790639654586,-0.10408241993404532,-0.026801306028899394]"
130,"[-0.5952658206224442,0.6847896349084164,-0.645892715879849,0.6592190861701965,0.42336032433169224]"
131,"[0.15893479455904713,0.2994561520372999,-0.06572350795412886,0.3246588342148682,0.2780224842115723]"
132,"[-0.14657294110435506,0.132708873825006,0.06099047094745481,0.05927882910422657,0.05351206133870975]"
133,"[-0.6173170932701656,0.4840250036546162,-0.6884648033550808,0.9280101603695324,0.7429027557373047]"
134,"[-0.4530069949653219,0.355653270805145,-0.5766241953653448,0.8663187272408429,0.5574596874854144]"
135,"[0.08709410024274673,0.1783117616762008,0.01713438317512295,0.11912233989685773,0.10668340004714472]"
136,"[-0.28397695735717815,0.2784090087102312,-0.3606083432833354,0.4276757077676141,0.2696782164793048]"
137,"[0.3063578691563747,0.19307270563950532,0.10522785505510113,0.09548669910905987,0.17722883024723843]"
138,"[-0.032274635819097355,-0.045415790285915136,0.0057079770291845,0.05196311343267249,0.0036233568728979053]"
139,"[-0.16913992582032314,0.15896676401965895,0.2507769368015803,-0.1610332844922176,-0.030353438646460958]"
140,"[-0.022844214861591657,0.07213158332170887,0.02296621285525984,0.09373872474799946,0.03886295497956637]"
141,"[-0.22482523066742766,0.08032785667361872,0.12016338235398213,-0.03828189634312425,-0.05304663853659745]"
142,"[-0.5172717117518186,0.3083922363817692,-0.5854767042398453,0.9799927239492536,0.6390203621983528]"
143,"[-0.13599825645131725,0.00547037897631526,0.11366919821926526,-0.054873252433857746,-0.15766876265406607]"
144,"[-0.1932355511704819,0.19106058465937772,-0.019034460064415868,0.15421020139923744,0.2311196284564702]"
145,"[-0.5062119383364916,0.4518485404551029,-0.6665997728705406,0.9081649035215378,0.6475743819028139]"
146,"[-0.132200862125804,0.03817731514573097,-0.04003263430462943,-0.022289307581053838,-0.06268522929814127]"
147,"[0.15182103851640766,0.1988881089809266,-0.05447583239186894,0.22360575660555201,0.19400279918177563]"
148,"[-0.1786295234482607,-0.019621481444558192,0.1964095696036158,-0.0427291974714347,-0.2545078855393262]"
149,"[0.383218911372953,0.32873681844729513,-0.10100252895305553,0.2787187386097179,0.2765960325486958]"
150,"[-0.0071428094524890184,0.15269542733828226,-0.38411623860398925,0.42391030257567763,0.41300239227712154]"
151,"[0.07164924734300285,0.05147145555890871,-0.09587913043232578,0.1259020561648702,0.11471594652781884]"
152,"[0.04902589454484934,0.11422491786916825,0.04504776398376138,0.16826517213749784,0.13611885559194806]"
153,"[-0.08958553290659828,0.06230652899747448,0.15907753099288258,-0.07268643787662897,-0.17959631348827054]"
154,"[-0.09072611554126654,0.04079221220620508,0.15443660332156078,0.02045864362402686,-0.24700598698109388]"
155,"[-0.0021800024506564326,0.13742552414679757,0.053568489473456375,-0.020675117902171154,-0.025570890866219997]"
156,"[0.12595417535501635,0.11731748217156295,0.06861501411293391,0.06661363387010405,0.05792926915240025]"
157,"[0.050198378041386604,0.04835253339260817,0.17535449415445328,0.05528094451874495,0.11784459757618607]"
158,"[-0.044499055389314895,-0.07000867798924447,0.07594301477074623,-0.06656508916057646,-0.1206491893157363]"
159,"[-0.1075894744703319,0.10692511762424213,0.08878457568949316,0.02849196638094216,-0.02809771759117522]"
160,"[0.021702013624448017,0.1437949294741447,0.016603472364413275,0.08835091098368943,0.09711812583838482]"
161,"[0.06391746434383094,0.11865786567796022,0.025209054195632536,0.09657740511465818,0.056691883597522974]"
162,"[-0.25581293646246195,0.27052462213383666,-0.4045120107716527,0.5321373203769326,0.4287716255619608]"
163,"[0.39435936212539674,0.2238921120762825,-0.04618610590696335,-0.004046192392706871,-0.173347214050591]"
164,"[0.481834771254888,0.2741555924742268,0.09152196744421068,0.1490041026666474,0.2609362264808554]"
165,"[-0.017576463636942208,0.15043887318461202,0.09771861252374947,0.008009905985090882,0.17002563386631664]"
166,"[0.020933854906908134,0.12533075741091132,0.1345782637133868,-0.026949468010995726,0.03201984368387038]"
167,"[0.029266583776150486,0.14861415842192638,0.10275245791815808,-0.06694949642559023,0.040016772672779075]"
168,"[0.2761388437972329,0.14602888060797906,0.11654274313892612,0.08771022228288582,0.09605624604349335]"
169,"[-0.0438535204679275,0.06779668104392163,0.0461477262391855,0.04619640669255046,0.04375737861233175]"
170,"[-0.3755225920559544,0.26624977235731323,-0.48248660172286784,0.8836368820875098,0.5878220126032829]"
171,"[0.2745241953434979,0.2510496969637159,-0.07571326702978318,0.30055454289903505,0.36175390192860885]"
172,"[0.16313412665788615,0.09933886058362466,0.10373634339443275,0.1497834457882813,0.18735316568719487]"
173,"[-0.5165785849094391,0.2917768105864525,-0.5444123689085245,0.8599909253418446,0.6207562454044819]"
174,"[-0.3248952174326405,0.140988797909813,-0.4723175740800798,0.9154729750880506,0.6170578631572425]"
175,"[-0.06781789979764392,0.025595998557816656,0.10879971220024993,0.056812756328976574,-0.1529259391661201]"
176,"[-0.4298598744118443,0.2753268565373639,-0.549235960110449,0.9020622577518225,0.5742042093322828]"
177,"[0.0033854319191794443,0.02497644409463233,0.10311781020506963,0.03936122583796863,-0.022201464494256386]"
178,"[-0.14816150574479253,0.20993454250662277,-0.04666107427328825,0.2225290191747869,0.20823704837821425]"
179,"[-0.3763699002650588,0.31158384345038687,-0.5220074974173723,0.7499644487099939,0.5239443316362625]"
180,"[0.5098292451390686,0.5125645510852337,0.21547309573118884,-0.10611370638556157,0.29991748684551567]"
181,"[-0.28316558662939956,0.16062830550665103,-0.37471930793038116,0.6882841037413864,0.46020793356001377]"
182,"[0.003329483515580116,0.0951958510067627,0.060556687133150086,0.02808939990230653,-0.018440310146228305]"
183,"[0.32537904415184105,0.23412515170191628,0.02712260387264765,0.2520478923733418,0.17511716528007618]"
184,"[-0.13390499111589138,0.025262698360211864,0.18500370355440846,-0.001579554704359815,-0.2813401836901903]"
185,"[-0.23258932049457845,0.09313202986063866,0.002110226258922082,0.09059565123887017,0.08296251232520893]"
186,"[0.07806910318907481,0.07980962679136414,0.03149410725065774,0.12990202770998993,0.08916202554802162]"
187,"[0.03467768489045429,0.1104232472979085,0.0916623466924488,0.025302566250192598,-0.006231834802387671]"
188,"[0.1130756734027749,-0.016229026984157305,0.06463038032164886,0.09415301763164323,0.12306095296073527]"
189,"[-0.26123322929359144,0.06407599358095063,0.2217299822303984,0.04426760441209707,0.17749344924878743]"
190,"[-0.1355282357893884,0.050012593832798304,0.20987251182086766,-0.15344164511188865,-0.05534937819465995]"
191,"[-0.2536691224909034,0.34726985747893824,-0.3649764265062223,0.2533275290263881,0.2136044562954841]"
192,"[-0.4475003793486394,0.31761523691238835,-0.5109834871254861,0.782153160078451,0.49942368594929576]"
193,"[0.1340276621548193,0.1775648504761713,0.0785652475342864,0.14380427578552846,0.29388392346334596]"
194,"[0.29558789134025576,0.06674842834472657,0.3259156376123429,-0.0020043432712554933,0.131892747618258]"
195,"[0.029730914016425133,0.19086920729744325,-0.0036134903208104845,0.10204749364499857,0.08844300412461846]"
196,"[-0.03512345646557055,0.08275176182781395,0.08829118115337271,0.06423322621144746,0.04880994482358035]"
197,"[0.13466229360728035,0.21301586282927365,-0.02537304423527703,0.39470635221472805,0.3245981512369499]"
198,"[0.07299773864539677,0.22846301477860478,-0.009469650504484652,0.1099518721820176,0.1129493380354748]"
199,"[0.12180582613112743,0.1395652719547577,0.11805030877955935,0.04997468802259501,0.0526540052286829]"
200,"[-0.05118312759988822,0.05778562049911643,0.11165937523145487,-0.03749108833599707,-0.02707943445219114]"
201,"[0.18235464245696478,0.2043392913865632,0.012479060998550433,0.21110659086241804,0.17150291932168704]"
202,"[0.1548004793207439,0.1487911585252732,0.05750032354160539,0.10243301977476987,0.08857211885450963]"
203,"[-0.33540219550952316,0.15413617819547654,0.0337816247344017,0.037664088010787966,0.07007562087848783]"
204,"[-0.025294864257316915,0.09009209728138821,0.17491815118269333,-0.04513945148116158,0.02849736304638246]"
205,"[-0.27932092319760055,0.056026671909623675,0.1303371027008527,-0.08619219644202127,-0.10768116273296376]"
206,"[-0.007011108483900042,0.19260327468680985,-0.2854253686964512,0.19404699204160886,0.27994544847923164]"
207,"[-0.03096742865939935,0.035935811077555016,0.17066423144812384,-0.18120951221014062,-0.015535678869734207]"
208,"[0.13425393803761557,0.21958160715607497,0.14307481079147413,0.10303834166664344,0.09556239062490372]"
209,"[-0.14482085483855214,0.107951007984129,0.26062553162397495,-0.06107164301170871,0.0007269794506759479]"
210,"[-0.08057475618634834,0.03002694384936672,0.16707165562341697,-0.052565014731567515,-0.15382159359555328]"
211,"[-0.013445372097804898,0.11429805029565317,0.17186405041758887,-0.018410807505982823,-0.0048327326744062]"
212,"[-0.032659458630750406,0.029721104919284196,0.20448641079590366,-0.010026707012880722,-0.18861328027259303]"
213,"[0.0962561944918707,0.0846376720815897,0.17656041045673193,-0.07340575592592359,-0.015770836547017098]"
214,"[0.2854043245315552,0.06559349596500397,0.23688693344593048,0.010946914553642273,0.3075481057167053]"
215,"[0.12849997743391076,0.2346537833603529,0.17620476032607257,-0.07810275734115679,0.06193322665416278]"
216,"[0.13857158842300504,0.03425382275232359,0.11041845236414749,0.05502803422706692,0.042607161331627716]"
217,"[0.11462419714816674,0.1258082805897527,0.03651835045026501,0.14491402693045305,0.09246828826144336]"
218,"[0.27415731496044565,0.17681901662477426,0.1607119608670473,0.1135808177558439,0.1496373066412551]"
219,"[-0.050203584787834966,0.027107377841270396,0.102150674085798,0.04399069763254374,0.012549994638455766]"
220,"[-0.018761220503704133,0.1205405265882162,0.08504113678140103,0.0406842168143138,0.0727500173276462]"
221,"[0.13487315039908257,0.10990805291735074,0.11716169794729235,0.05546924432228301,0.018060488527750267]"
222,"[0.04663826676725007,0.15456220699446416,0.15276978176726555,-0.038521018980849364,-0.035916567721001026]"
223,"[-0.2634215580056543,0.04156252328792344,0.19584643346783906,-0.1828877031803131,-0.07665883427809762]"
224,"[0.09367988633660032,0.07643742720677477,0.09551486826461295,0.15864484996089467,0.07443958973390577]"
225,"[0.18636588879088137,0.15294405130392058,0.08830053767466799,0.10679684331680232,0.05186382247670058]"
226,"[0.0035538340415655965,0.0797331572377523,0.11130044343563386,-0.0008346322600366958,0.0015534382261126393]"
227,"[-0.11034302461541609,0.042472917123927506,0.08478645173615063,0.09961355387463006,-0.05375948504169847]"
228,"[0.02906796638853848,0.28860710747539997,-0.09027330740354955,0.2533501794678159,0.256213512388058]"
229,"[-0.4358249689715031,0.2952437027094838,-0.5234327530249571,0.7739661210097182,0.5528325157669874]"
230,"[-0.09485418876283802,-0.0731374605675228,0.14370962539396714,-0.09406805029720999,-0.06851154613832477]"
231,"[0.3985095879829982,0.28457085229456425,0.1422711869373041,0.3161523701513515,0.3761543130009052]"
232,"[-0.08568900752675916,0.004354514348226677,0.1337068381424515,-0.04063359528476663,-0.071170180983662]"
233,"[-0.20887611340731382,0.14419514368776054,0.12403958645604905,0.03328922807815529,0.07967500967372741]"
234,"[0.05830401140708654,0.08438099654214014,0.008161690312304667,0.15049106223464367,0.10755076396855572]"
235,"[-0.3903968009460521,0.23208914167786898,-0.5349717771536425,0.9094705086838649,0.6386694225825761]"
236,"[0.1661245220651229,0.1267758971080184,0.24960752587676757,-0.058558432917509756,-0.06641165311226532]"
237,"[0.06904402274924976,0.3472357710393576,-0.028528740199712608,0.06971122725651815,0.13935970661875147]"
238,"[-0.014002269133925438,0.08816048429192354,0.08416128624230623,0.03425836724539598,-0.12621858137038847]"
239,"[0.027127455671940318,0.11577651051256863,0.09136517389663425,0.04310092373035062,0.07159254302378351]"
240,"[-0.20329987468460622,0.1819639400182029,-0.28868611140821415,0.44767116111082333,0.32067306301532644]"
241,"[-0.06761639885965506,0.11525348466535915,0.08736511310372425,0.02699029943620672,-0.0929548122958109]"
242,"[-0.5353447878733277,0.5035455005864302,-0.6170157780249913,0.7461896235744159,0.5184007346630096]"
243,"[-0.2549786437302828,0.20548705968002862,-0.35209676030521786,0.5064382842526987,0.32447901382469213]"
244,"[0.16199932696538105,0.1969145724114271,0.010158591565766161,0.25934908427898923,0.18860017951397645]"
245,"[-0.06558512151241302,0.16633032696942487,-0.07057545706629753,-0.003300606583555539,0.06140746424595515]"
246,"[-0.10608698554322914,0.03439355032151621,0.118527727990383,-0.03418221343661461,-0.0931764962857194]"
247,"[-0.06901290687312792,0.1306936875968189,0.11841438247075121,0.04700191948399112,0.06369317777372979]"
248,"[-0.010563224032521247,0.01599609902128577,0.25043878197669983,-0.06668449325487018,-0.17319811769761145]"
249,"[-0.05486305536763331,0.03353655274338663,0.13021640123165196,0.014933640746501822,-0.12023433404127154]"
250,"[0.016931604593992233,0.13536004165542267,0.08369141027686142,0.08668920118361712,0.028634676266284215]"
251,"[0.039582892998375675,0.38254572459581226,-0.10496977987614545,0.4174009337174622,0.36635359810580587]"
252,"[-0.1404161132992275,0.03528506939689959,0.13565726842611067,0.07357293018890965,-0.18541183298633945]"
253,"[0.01029464325401932,0.034702155643026346,0.1280322554288432,0.006124164155335166,-0.08277369828429074]"
254,"[-0.1202074812161491,0.13054061757498667,0.0664358999433094,0.03758801487519553,0.08805753573971359]"
255,"[0.26393210515379906,0.2013639940626242,0.057475221258672805,0.05370541221716187,0.0734919285909696]"
256,"[-0.09978228362905252,0.046885884556442846,0.1032751695462322,-0.015183482015895288,-0.10475507812112454]"
257,"[0.03057477840532859,0.042548934618631996,0.08955719880759716,0.03629153097669283,0.03479627403430641]"
258,"[-0.1902054705117878,0.08861164111447961,0.24497217253634804,-0.093617047452809,0.014233340092591548]"
259,"[-0.1753876286248366,0.18870772421360016,0.06618122591947516,-0.15115669046839078,-0.08365716043238838]"
260,"[-0.019055398759143107,0.1019936247953567,0.07534719997717218,0.02897023600151484,0.05357451755125289]"
261,"[-0.04649996573903731,0.2779895247625453,0.09410093118037496,-0.001493052446416446,0.03370977710666401]"
262,"[-0.15540373791009188,0.12197078907719026,-0.274129484135371,0.4369080035159221,0.37975734500930863]"
263,"[-0.03400408656774228,0.1443748072053848,0.012607387086348747,0.05365440867313031,0.06894171326212696]"
264,"[-0.05485926528594323,0.18156438098022978,0.02209019035633121,0.1155226635247735,0.17182192953103886]"
265,"[0.11898383616780242,0.15931901068737112,-0.013051823098212482,0.22127792544662953,0.1120638176240027]"
266,"[0.27649280395205084,0.2634729042748731,0.08242752822568115,0.1838181028187781,0.18422775533393893]"
267,"[0.1703636993576462,0.20276501621992793,0.056134155980544165,0.12110455569442516,0.1753045912773814]"
268,"[0.3109034955670158,0.23282238661215224,0.1517071775000157,0.04513014736585319,0.08054689796850213]"
269,"[0.05054293566693862,0.1375387434537212,-0.25996901251686116,0.2742349792582293,0.3345571496213476]"
270,"[0.023838721972424537,0.23459885129705071,-0.33429095055907965,0.2816773852100596,0.34109814604744315]"
271,"[0.3036375145177142,0.258270579103667,0.05358323304412457,0.005774020145718868,0.12167295340735179]"
272,"[0.03580337576568127,0.18280956390149453,0.17924010052400477,0.003939608057193896,-0.21672963194877787]"
273,"[-0.3399622175024777,0.19059521769650462,-0.4335051686843721,0.7018793570786351,0.5063257127455095]"
274,"[-0.009260407687908138,0.0841755050731006,0.07050623771681652,0.025619196013271315,-0.004070552544850468]"
275,"[0.058650304829546564,0.11224288048843543,0.08536065436414599,0.048723593756634126,0.025645910497599594]"
276,"[-0.016318392888125446,0.19242456244925657,-0.2829738717215756,0.39362617023289204,0.3553222404637684]"
277,"[0.007252798947904791,0.14527215715497732,-0.29609821484025034,0.27729792347443954,0.2371481588509466]"
278,"[-0.2938606881846984,0.14218357228673995,-0.15674299265568453,0.2226484064012766,0.12761460958669582]"
279,"[0.06549141323193908,0.10972959715873003,0.14189228302634815,0.09737697621697888,-0.02177853641264579]"
280,"[-0.0785056482413857,0.02367512475310524,0.09526913957743663,0.0020902710985099,-0.057719143268864924]"
281,"[-0.014149803357819716,-0.14464235802491504,0.29868170789753395,-0.10056060490508874,-0.15360392009218532]"
282,"[0.01344537701014979,0.1222104300640503,0.11421671011256146,-0.010915764985361794,0.01689953971628731]"
283,"[0.004020638143022855,0.34652422815561296,-0.3768944005171458,0.49768082462251184,0.33662981912493706]"
284,"[-0.3423695891164243,0.19274209575007922,-0.41938844414597204,0.6831309613898735,0.4619031963700598]"
285,"[0.2721709916368127,0.1974104120551298,0.0762614959773297,0.17843175795860589,0.14003810806510347]"
286,"[-0.17491126704242144,0.21810657515092507,0.01616420636868529,0.0602815857549247,0.1796150083098103]"
287,"[-0.17466172874749947,0.06174746410397347,0.0723979171210279,-0.008206031944913168,0.03437436237193954]"
288,"[0.08733826319676946,0.08989062528648967,0.11027195504309771,0.028177641516051972,0.01213608151031793]"
289,"[0.2569199327379465,0.2612385515123606,-0.011077222600579263,0.1413335354998708,0.13928439766168596]"
290,"[0.17825687158944747,0.11690890401813638,0.07092588837758154,0.11913763027280456,0.09461713579379406]"
291,"[-0.14251247027250766,-0.026128458652507375,0.24087308430009416,-0.12094135056422264,-0.22069821832701564]"
292,"[0.004102301010440916,0.0450290827504161,0.11054330124232442,0.06605145551680408,-0.01539351537506631]"
293,"[0.28559522392849124,0.0713395227988561,-0.2016052169104417,0.49697287349651253,0.1397845596075058]"
294,"[0.09095979013497335,0.11909587101780152,0.02500453203224466,0.11723291488159278,0.07226518295073045]"
295,"[0.00816793399504744,0.24999690858217388,0.018886665312143475,0.06008157270172468,0.22554878116800237]"
296,"[-0.21373247998278763,0.3103947467392399,-0.06950462678269971,0.18123667709352004,0.1743515471129545]"
297,"[-0.06778259882703423,0.2738607278559357,-0.3040998880751431,0.45993323543807496,0.3181599191389978]"
298,"[0.17073728122803217,0.20178136959507623,0.1341129373978166,0.03414490430013222,0.04898374651503914]"
299,"[0.12040223603447278,0.09953099340200425,0.17625447732085983,-0.0992305684213837,-0.05828589250644048]"
300,"[-0.1988686278324436,0.10219279821548197,0.1644032393340711,0.02360614361586394,0.02338670761565919]"
301,"[-0.17937572216462405,0.1783942834313837,0.0024732244048328673,0.02388458335619481,0.11470187491294546]"
302,"[-0.07067490355776888,0.3340307733132725,-0.4114389447938828,0.5377574249037674,0.5314624604015123]"
303,"[0.34302680079753584,0.20093237875530928,0.2020522877573967,-0.04786320610974844,0.040956210649500675]"
304,"[0.16179019398255123,0.2067306125067971,-0.06864468456076095,0.2891485632365019,0.20484745350473052]"
305,"[0.0015326931314547346,0.05131625250980601,0.12123147205730374,0.028244188033672644,-0.06746707751435722]"
306,"[-0.11775366752408445,-0.02254010450697559,0.17604423149981918,-0.035670761539436435,-0.24409743288860603]"
307,"[-0.00893917788731502,0.045623398507960176,0.08256270521803495,0.054930855375639895,0.017579049270420786]"
308,"[-0.009597326846172411,0.012102934438735247,0.24856231727947792,-0.11664956365711987,-0.05552945764114459]"
309,"[0.16214569921915728,0.1023846222152416,0.11040931907902833,0.02406976905897156,0.06277672363082981]"
310,"[0.14449685386931285,0.09936423202713904,0.0996716073833597,0.006638362932090576,0.09503387379197356]"
311,"[0.31582208909094334,0.15251970599638298,0.33088214322924614,0.14840970747172832,-0.07568082981742918]"
312,"[0.16705155153758824,0.16165582231478764,0.083337763457426,0.05420695918146521,0.08876472569869033]"
313,"[0.09119246153323127,0.14991081822558902,0.04543446233820463,0.07129539926196292,0.04457004529193797]"
314,"[-0.1982873486535203,0.2480223868643084,-0.35624490221661903,0.5562724901303168,0.4446026345474585]"
315,"[0.45126835400095355,0.14890701724932745,0.14646977415451637,0.11998316668905318,0.19585317430587917]"
316,"[-0.26446276623755693,0.08926448319107294,0.12063443660736084,-0.10830810759216547,0.1028450844460167]"
317,"[-0.07493205873337998,0.15012009488947858,0.059189816373823714,0.06775727667845785,-0.0012365074108608744]"
318,"[-0.06957869350099978,0.025001582320499746,0.10133343106741294,0.03750223178894681,-0.10774514684453607]"
319,"[-0.18983039483428002,0.1053595225016276,-0.008277094115813573,0.3020722225308418,0.13971124736902615]"
320,"[-0.09990370532290803,-0.13897837491499052,0.14773768380594748,-0.0641752988513973,-0.20585878922914463]"
321,"[-0.3157274109096481,0.1755125680580162,-0.43765535635443836,0.7430052134709862,0.48125998045389473]"
322,"[0.00512154670790411,0.21762907169520473,0.06562213389537273,0.04676196874620823,0.14865100451816732]"
323,"[-0.22929496853612363,0.30003665628222126,-0.25889845906446374,0.4735038567644854,0.3517497579256693]"
324,"[-0.05204079365357757,-0.12831852417439224,-0.03590626763179899,0.18575359116075563,0.10003307573497296]"
325,"[0.0659619513839768,0.10951626206344812,0.053435372907941224,0.06174585015578255,0.020087914502805775]"
326,"[-0.14866382778417148,0.03846728336279614,0.11229675071134548,-0.00655337020011465,-0.07157345536088042]"
327,"[0.07443601879922132,0.26103134710161435,0.005725883007530243,0.12280939489362701,0.11040685461052964]"
328,"[0.24581762825497813,0.208831963801155,0.165908311799285,0.02879370606630497,0.1403744180133799]"
329,"[0.37725935885682704,0.2205469734966755,0.1130051825195551,0.16515624634921552,0.03176105073653162]"
330,"[0.07855794681901378,0.20005041991327224,0.08535980392979192,0.08878364502119698,0.14227700152966594]"
331,"[-0.15634109576457889,0.006495720261687434,0.1865290916923966,-0.0767791703916513,-0.10941990834896219]"
332,"[0.07676577227821033,0.13539500034887403,0.1117689136843828,0.022946195124888852,0.034253763755963694]"
333,"[0.12936835984388986,0.12624974455684423,0.1570180443425973,-0.09440436152120431,0.017699827750523884]"
334,"[-0.12465785423086749,0.11279604690045945,0.0960544802623594,0.002120625163014564,0.05931157656272666]"
335,"[-0.27663096273317933,0.3065483293030411,-0.3827664025593549,0.6443923059850931,0.5246289600909222]"
336,"[-0.19581388816871542,0.2632313039391599,-0.11020856062346633,0.19724428627957055,0.18749700856216728]"
337,"[-0.0460587819738282,0.1834942995554815,-0.26537153488261844,0.2848968654002805,0.28048644765769526]"
338,"[-0.09739785337199768,0.26555855373541515,-0.11261627102891604,0.33732532560825346,0.29415080944697064]"
339,"[-0.02033128144992691,0.05834414544954615,0.12949614732719536,0.013041972723912517,-0.08448478068523813]"
340,"[-0.44098042882978916,0.33465547983845073,-0.5579251522819201,0.9208707537036389,0.6177181033417583]"
341,"[-0.07885693764734653,0.057762549424003204,0.13182349295745935,0.06721900151141227,-0.12020690000105289]"
342,"[0.08803738231460254,0.1268299886956811,0.12735533012698094,0.032124636322259904,0.10915028235564629]"
343,"[-0.02499809581786394,0.12843167050076382,0.15553428037535574,0.01643906160080362,0.12120079493061417]"
344,"[-0.14850306723647835,0.15190771235343578,0.11840178037527949,0.0038167848251760006,-0.010413948351263323]"
345,"[0.14441763651039866,0.07216109741582638,0.1272736422963337,-0.01122405174990288,0.0069035466812137096]"
346,"[0.05667641589981179,0.09621932041874631,0.09268320970735404,0.03855386963466095,0.020345294138763185]"
347,"[-0.3466038177518741,0.22294125317231467,-0.5209585706824842,0.8483929450664183,0.6271362084409465]"
348,"[0.004629951304281657,0.1559771763354118,0.03626442212119417,0.16280112670787242,0.2123760397915008]"
349,"[-0.5039203248563267,0.24865742488985967,-0.5566245736110778,1.0307568878024107,0.6582117087784267]"
350,"[0.16110938093201682,0.32647551291368226,-0.2472373467277397,0.21278554963117297,0.2911342572082173]"
351,"[-0.1582332030075657,0.018113680492045686,0.150747836649637,-0.03617268443271956,-0.027631906217292827]"
352,"[-0.045341459931064906,0.06087225252386733,0.1596195347215557,0.0007191141696900806,-0.10278466863250783]"
353,"[-0.34379118363860817,0.3726661250749159,-0.5085687373010885,0.5833231012248212,0.4425869857936742]"
354,"[0.05803027154318988,0.1739562117755413,0.04763444629311562,0.10069437078759075,0.09353317732736469]"
355,"[0.12536734233007713,0.07386016034904648,0.03265883965308175,-0.0029018006342298843,0.09738490105990101]"
356,"[0.03781785540622733,0.07795065564532128,0.1240505522742828,0.0204916410037272,-0.004918138114686207]"
357,"[0.07375076778244645,0.08194750302985188,0.11418357404350801,0.08037282082569086,0.041847716423748564]"
358,"[-0.08871805400121957,-0.03493261802941561,0.1305403511505574,-0.04568525935367991,-0.1486142965344091]"
359,"[0.051817975871797116,0.19970993444855722,0.005614444280841521,0.2705485919889595,0.2181345659607489]"
360,"[0.2454170401996145,0.1183348664870629,-0.01682763990874474,-0.020217935697963606,-0.12384580591550241]"
361,"[-0.09566464680419476,-0.06107658816984406,0.19061870396965078,-0.13877349898771002,-0.09854163084593083]"
362,"[0.06663505166701118,0.20540959939171444,0.0830635546008125,0.05711044849401029,0.08611534838564694]"
363,"[0.048590001865075186,0.4854612298882925,-0.14948891776685533,0.23131767946940204,0.04672561442622772]"
364,"[0.06007412285543978,0.05391039839014411,-0.2736514797434211,0.4587067038519308,0.42913954658433795]"
365,"[-0.09732739735394716,0.08186772184446454,0.14707748936954887,0.02486545966938138,-0.1471512141637504]"
366,"[-0.14838599786162376,0.020438008577279423,0.24847485740547595,-0.16004302304076112,-0.0056906250791381235]"
367,"[0.08343430167565552,0.09545660074442053,0.07996488954656973,0.09458448099366461,0.02061354282240455]"
368,"[0.2508579409094872,0.3194858738520171,-0.0034562072682159917,0.18171310366740748,0.19619223249524279]"
369,"[0.05468413202712933,0.09565900376615807,0.14269896893976972,-0.03790970172924109,-0.02036839068079224]"
370,"[-0.05870668333437708,0.11636300876012279,0.15740018581143683,0.017897583021678858,0.1089740523447593]"
371,"[0.035456089842084204,0.07033786895733915,0.14928646451842628,-0.07132187733230622,0.013262411751049129]"
372,"[0.23727609446352763,0.31666024643318536,-0.11171122645593691,0.3655163459022851,0.36406767004926766]"
373,"[-0.3640685651218519,0.3236190276220441,-0.49252008199691777,0.6230138691375032,0.4895607113372535]"
374,"[-0.16945033038363738,0.42629583377171965,-0.28948869600015525,0.637614945826285,0.3970452532829607]"
375,"[-0.08380844518043366,0.25063272255162394,-0.04415442120461237,0.09218506632550132,0.10215980825679642]"
376,"[0.11182763235643506,0.17028637848794462,0.07308635347522795,0.14796942260582,0.15902251373045148]"
377,"[0.0972357756857361,0.12080381875525095,0.08374161453407612,0.03463273280898907,-0.031139997920642294]"
378,"[-0.11652239891841557,0.07101284921395057,0.14234183751272433,-0.011524930285910766,-0.002500770655883984]"
379,"[-0.521034816900889,0.3481509296223521,-0.6116857528686523,1.0401957259202996,0.6779323885838191]"
380,"[-0.023703837702162174,0.030265691869990324,0.10209003951218153,0.015324452339625613,-0.06350935557933722]"
381,"[-0.06285114214471024,0.01061058135194428,0.13538831183514385,-0.0025533262642393646,-0.013459823731358886]"
382,"[-0.01380579672441946,0.09908369875624093,0.11753015532030152,0.02892537166496927,-0.016896057459568486]"
383,"[0.09104011935137567,0.12019791077112867,0.10605550301261246,0.1361695494768875,0.006348257440896261]"
384,"[0.0004077481045838325,0.1909441093523656,0.03141809789174717,0.1557196142572549,0.14846517690908043]"
385,"[0.44672553711457225,0.3385404832206848,0.03283419366925955,0.3377987540202079,0.320910226428745]"
386,"[-0.22013414515690372,0.29227188521657477,-0.42652108604935085,0.4501450001685457,0.38163214684887364]"
387,"[0.09138649795801403,0.09321971325791822,0.11006552921026014,0.05134674762032377,0.00014534698820147567]"
388,"[-0.0634594637900591,0.07226983873794476,0.1286978286380569,-0.1340883525709311,-0.08260115437830488]"
389,"[-0.051201828146496646,0.18627650731314835,-0.3344413501998553,0.2715758176233906,0.3037704149117837]"
390,"[-0.106636876574243,0.08800250509718678,0.11672960302599196,-0.05555695741665813,-0.032301831999266485]"
391,"[0.14732321914775995,0.17759495566468764,0.06671718141799908,0.11376933638033278,0.11937351007045174]"
392,"[0.3951154299080372,0.28459938149899244,0.37834126092493536,-0.1372885398566723,0.16363534410484137]"
393,"[-0.0896177456268188,0.046614686916413975,0.21158223864005274,-0.12759752026815194,-0.07886840480503189]"
394,"[-0.6031221499045689,0.5131352668007214,-0.6816497941811879,0.8691086719433466,0.6214163800080617]"
395,"[-0.26706568876813563,0.156953230101083,-0.3681152585361685,0.6902630808097975,0.45822333358228207]"
396,"[-0.1325750328027285,0.3338602461780493,-0.14666654398808113,0.18538951272001633,0.33867285801814156]"
397,"[0.0917805214138592,0.07733386061976061,0.0931956609711051,0.044199668555794394,0.010789709960055701]"
398,"[0.09795039235236677,0.06685326957282284,0.17042417461807666,-0.10134024404593417,0.04965201478350807]"
399,"[-0.033679851718867816,0.30527490975024796,0.14445210248231888,-0.00011886780460675557,0.24753794799714038]"
400,"[0.08845194270152872,0.3101546519504088,0.016178779667470514,0.2263593508225934,0.2580922155345722]"
401,"[-0.05863378332419829,-0.06517925375903194,0.12849252141842787,-0.07520599802955985,-0.15998216024176642]"
402,"[-0.23483657079783302,-0.02537378620494295,-0.34121489718004505,0.9325369043206726,0.639016760237239]"
403,"[0.0764514911262428,0.32071128443075236,0.05519228954525555,0.13527899060179205,0.09930993003003738]"
404,"[-0.43482565732362366,0.2785282828068981,-0.5460970078905423,0.9304877603814626,0.6374163720756769]"
405,"[0.03316739118159857,0.15374938815528916,0.03765898866059129,0.039248461824257015,0.016220853052123688]"
406,"[-0.08470468382750239,0.05144177111131804,-0.03872880964939083,0.10000786730753523,-0.09615018804158483]"
407,"[-0.11944221407175064,0.1878078577419122,0.3163562655448914,-0.2644613808952272,0.019442199946691593]"
408,"[-0.027989579655695707,0.04723955593250979,0.16407362745107654,-0.018334696812626835,-0.1015473029200131]"
409,"[0.20941186487297747,0.172455584270037,0.09640623869684835,0.12713049464981027,0.07591224580981014]"
410,"[0.0829192046040782,0.05481713237840626,0.07677068221594462,0.0856318933806368,0.04796405844249283]"
411,"[-0.37809072340757627,0.3172147654847282,-0.48995501969171606,0.7147214356404932,0.5157256260433275]"
412,"[0.32109318106169144,0.1313052447911884,0.12746871528215706,0.12051333103861127,0.11761157977660852]"
413,"[-0.021343696287813338,0.09105851878709298,0.07855503280904699,0.06682844555124323,0.04145378151789625]"
414,"[-0.020503190210196868,0.03444477510514956,0.08618525826736917,0.0260826337179503,-0.06242856519122569]"
415,"[0.054148825091708985,0.17756395385534102,0.013302207951034819,0.15514653545937368,0.19675640527025928]"
416,"[-0.01158157995213633,0.15609655521162177,0.05497740921766862,0.06758792392666572,0.1357168166331299]"
417,"[-0.08832048408009789,0.1872837934981693,0.14970585139976306,-0.03990875216708942,0.015369790673933246]"
418,"[0.08014124770829033,0.19206831502097269,0.15574158438211005,0.03757928275022535,0.01559748480306758]"
419,"[-0.049298926266198306,0.12748043673093787,0.062260988590874006,0.08083251209871978,0.029599446784128847]"
420,"[-0.06833246227220764,0.06043124454472923,0.1369005972408645,-0.0042403734932165765,0.06301768696756058]"
421,"[0.28785641165450215,0.1999986605286332,0.09521308288510356,0.11967273544619923,0.2591026179226381]"
422,"[0.09418655644791821,0.09918076733204846,0.07632050181079345,0.1164642369452243,0.04344714081768567]"
423,"[-0.27642167093498365,0.33824828303685145,-0.30808665037953425,0.7416746572458318,0.48148268141916817]"
424,"[-0.04196720218826686,0.141833282331185,0.04770012186359494,0.09054731183700383,-0.017682286309859446]"
425,"[-0.05302858940029347,0.18628505931278183,0.040755543455650856,0.02693119756030765,0.05038619508797472]"
426,"[-0.19846463372232392,0.013828011617685357,0.044319020584225655,0.1273889921333951,0.12362096232633726]"
427,"[-0.17111351120251195,0.21593909793429902,0.07957185163266128,-0.10673757061293279,0.07719860867493682]"
428,"[-0.12117799540005979,0.14031740408279889,0.08617123668747288,-0.022750524116591328,0.028987131979582564]"
429,"[-0.20655567925755997,0.18801541779456393,-0.305160771833644,0.4295055086924029,0.24381210403295145]"
430,"[-0.07231262102723121,0.08167094404676131,0.16472759514914026,-0.07753462360373566,0.020437696616032293]"
431,"[0.7049552589654923,0.32115429639816284,0.2641892537474632,0.3087411392480135,0.11851653531193734]"
432,"[-0.051706996161842364,0.038086502207117484,0.0907123209745786,0.028883196722872397,-0.00946283917483333]"
433,"[-0.21017281857452222,0.14675453012543063,-0.05382199851529938,0.3614761914525713,0.34233551871563705]"
434,"[0.014170824571420217,0.13194800867300963,0.11314940017839993,0.04113845285454779,0.09949722959844835]"
435,"[-0.08006905738471283,0.045863817323050976,0.14612636522441688,-0.07570680820693572,-0.01556523170115219]"
436,"[-0.34300300486963886,0.16812777069622073,-0.423103014585273,0.809547574387799,0.5942158680088048]"
437,"[0.19307742674356781,0.37160618958138936,-0.12672088601047526,0.26613859042235827,0.2700763536503891]"
438,"[-0.05612834169926686,0.06426870291080719,0.04858975334481738,0.05089352203056712,0.009619251325077146]"
439,"[-0.042024864349514246,0.215995651204139,0.17261639662319794,0.0983333655167371,0.2244023401872255]"
440,"[0.11597511979440847,0.1594728460269315,0.07170612937105553,0.02948261863951172,0.05190109381718295]"
441,"[-0.08454267344460255,0.14226527622242163,0.10690371860273001,0.038070203395696674,0.07930567302945547]"
443,"[-0.2602408527043359,0.2150023211323624,0.04098170982866452,0.056902117320689664,0.11804829141253541]"
444,"[-0.4557334038394469,0.38176469618661535,-0.5507402497309225,0.7306489422917366,0.5631475608657908]"
445,"[-0.1532934610840193,0.2043698322526071,0.03334952856219092,0.08574213578127497,0.1569895741508104]"
446,"[-0.38891520316678063,0.30380614612389495,-0.5294451492804068,0.7469724199079253,0.5676425714735631]"
447,"[-0.35777883627451956,0.19199870626191395,-0.40592931135772514,0.7600374912592368,0.49909528330541575]"
448,"[0.011806263516472838,0.04611332210799127,0.10391915669296305,0.012532213103578804,-0.03345293533875719]"
449,"[-0.3181381474714726,0.3480054467363516,-0.026439905544975773,0.12825324712321162,0.21854181098751724]"
450,"[0.025163593853628912,0.08404892090664699,0.012495057662775696,0.10621503911381804,0.0918384910355387]"
451,"[-0.05054015782661736,0.15553363375365736,-0.34297280460596086,0.40006735529750587,0.4422215359285474]"
452,"[0.13640098749436727,0.13997521428163306,0.06883533063738309,0.08748295724742383,0.051737439225802255]"
453,"[-0.05828831004035785,0.12818792207658647,0.005461963810693618,0.10504565472911848,0.044410789354936135]"
454,"[0.054017714341171086,0.10281700623983688,0.18207101981070908,-0.051745312119072136,0.049870719281236896]"
455,"[-0.4102315386838239,0.2873673763774011,-0.5290259103412214,0.8986904106467314,0.5991989594438801]"
456,"[0.038486188363835765,0.023014514327601147,-0.15597100253216922,0.2672014771012106,0.221588227139027]"
457,"[0.07253100395202637,0.23260470310226083,0.081854716129601,0.045867270920425654,0.15509441405534743]"
458,"[-0.3504157268696211,0.2684014421591366,-0.45655024458061566,0.6639056388627399,0.45570987032260746]"
459,"[-0.25815634937448934,-0.009437695060941307,0.21821160495958544,-0.2032502545043826,-0.14467626452361318]"
460,"[-0.2119676658167289,0.03195074348208996,0.20186042493352524,-0.17584540856142458,-0.0647447047683482]"
461,"[0.1349008303368464,0.26170951849780977,0.019767096731811762,0.37859696068335325,0.19073715154081583]"
462,"[0.054349011946121385,0.06532996139384667,0.11157651688026647,0.043358881195145436,-0.059513979837315795]"
463,"[-0.14575600026077346,0.18391230006359124,-0.0546271350038679,0.12208243802581963,0.12789381356713803]"
464,"[-0.003941830581269886,0.19065057779605524,0.0060344954452863555,0.143697586932742,0.14433900454286033]"
465,"[0.17553246422547236,0.08551387868973673,0.08218381546285687,0.13756497304444676,0.09626448046587102]"
466,"[-0.17483575821543734,-0.04877187724535664,0.2296256442119678,-0.15090908982480566,-0.15258961271494628]"
467,"[0.17976565945606968,0.18436920657180825,0.03339570273573582,0.14686035852019605,0.10577174727446759]"
468,"[-0.44356076632227215,0.5801550322877509,-0.6484065673180989,0.6451609529820935,0.47097838137831005]"
469,"[0.23446592702127683,0.15410478421858043,0.10694588771916197,0.0974597223422532,0.07951213179254217]"
470,"[-0.41372395927707356,0.23467858381230725,-0.48912787008466146,0.9335666821818008,0.6512290320613168]"
471,"[-0.32423929745952285,0.10554379193733135,0.16246584844258097,-0.0837828932950894,-0.019416067749261856]"
472,"[-0.0480834133113208,0.13201939885545036,0.1336567456955495,-0.03760485723614693,0.0419184729942809]"
473,"[-0.2582141652496325,0.11656071659591462,0.10313038812536332,-0.04206161570942236,0.020143284501197435]"
474,"[0.011347770262607214,0.037204329653381545,0.07973961489821081,0.03457632812649471,-0.033550181179668334]"
475,"[-0.0406745527616029,0.04351891647772795,0.13644907062016698,-0.023948537229974993,-0.09271293545964371]"
476,"[-0.34978998295570674,0.20842672524189476,-0.44745167217364434,0.7697636474561141,0.535956999777179]"
477,"[0.012263516019149793,0.05383026684888607,0.1106766068542821,0.022275369114479603,-0.032025084104217845]"
478,"[0.14416957646608353,-0.10493943691253663,0.12132326662540437,0.11615269631147385,0.07082963287830353]"
479,"[0.024849675672457498,0.02928033135831356,0.07221008190912578,0.08011423708487521,0.010144207615624456]"
480,"[0.037696330544379056,0.08968701605642859,0.10609357450594432,0.03761781991947696,0.02023998872470412]"
481,"[0.35297633334994316,0.1651155070534774,0.03770578080522163,-0.06862756184169223,-0.10307620412537029]"
482,"[0.05592171469128088,0.08177610063884298,0.024600727278191376,0.07500265460968127,0.04132763831876218]"
483,"[-0.04149990493742541,0.0428953103671913,0.11245603590059351,0.004393141549526456,-0.039163450868379204]"
484,"[-0.05281054994354591,0.013422278687357903,0.0458658910356462,0.07910971562808339,0.005832741345764826]"
485,"[-0.4784610763890669,0.30445756507106125,-0.591802665963769,0.9850227457936853,0.6126419203355908]"
486,"[-0.4037531675874359,0.3168604440159268,-0.5316603854298592,0.7143504929004444,0.5315519848631488]"
487,"[-0.20527908558908262,0.11306111789063403,0.21347409741658913,-0.252080830745399,-0.017539784581841605]"
488,"[-0.025600165368190833,0.057018752209842205,0.05127368885358529,0.030780691322537936,0.1601569436823151]"
489,"[-0.015069992955882254,0.06336568992213357,0.10543642322664536,0.0579089312708344,0.04405610328728352]"
490,"[-0.11557856521240491,0.07071481799871168,0.1244789978954941,0.015608074513318785,-0.016879718627451974]"
491,"[-0.07183968654241074,-0.000694948879324577,0.12372122917493636,0.039641808786175466,-0.10722906102680346]"
492,"[0.04510029634410465,0.020826516562846262,-0.08228616219177541,0.14462940333524368,0.10746877515889906]"
493,"[0.22180259202141317,0.2202486916910857,-0.0317522618919611,0.18417062136286405,0.181502885685768]"
494,"[0.7438572593964636,0.5560905243037269,0.10810543457046151,0.1724170227535069,0.4310762847599108]"
495,"[-0.05337716772191925,0.05964861842585378,0.14289464520455414,0.004775415764015634,-0.1280133875334286]"
496,"[0.0017385522906596845,0.01891212910413742,0.203109920812914,-0.11345174149251902,0.09744965088052246]"
497,"[0.16408206588002267,0.16561310531364545,0.13989874403233882,0.12289156088674509,0.19311902678951068]"
498,"[-0.5292246036908843,0.3579734379679642,-0.5837340458211574,0.8271599461070516,0.5560046878050674]"
499,"[0.2382670579587712,0.16482434328645468,0.11364541252088897,-0.010212794494102983,-0.06481310023980982]"
500,"[-0.024551232173310025,0.1350714011401262,-0.0020100218851281247,0.16483004992503833,0.11620639293434341]"
501,"[0.004905381741432044,0.019531623388712224,-0.24970343651679847,0.22617327608168125,0.27830794654213464]"
502,"[0.1770796882674882,0.20436387031192058,0.1097177288642055,0.04765751193228521,0.13129374355469878]"
503,"[0.14062942189740993,0.1788051801766934,0.0755800751503557,0.15726901630737952,0.1871742529107169]"
504,"[-0.1775797148122741,0.05672126589342952,0.11071993476422182,-0.08408069020490451,-0.05070397925787958]"
505,"[0.01579492369836027,0.09809867340267044,0.08780408870767463,0.010933093853633512,0.021891850533641198]"
506,"[-0.09093097159639,-0.03525579522053401,0.12126476491490999,0.004334950136641661,-0.16348560067514578]"
507,"[-0.6812241226434708,0.3041948154568672,-0.6612201035022736,1.1254770471714437,0.762494330604871]"
508,"[0.8668246753513813,0.3516519106924534,0.24355508387088776,0.06309485994279385,-0.05989675037562847]"
509,"[-0.07215352803414557,0.1079718514107341,0.12765547567112154,-0.03940934807246248,-0.05703033869652901]"
510,"[0.3133057725802064,0.18403911592438818,0.13466629987582565,0.18910279631614685,0.1549166887998581]"
511,"[-0.1287749488479816,0.11553498541410917,0.1884691123970044,0.0016445141667738939,-0.11464089864435104]"
512,"[-0.5277250859610461,0.4203781071981346,-0.6323925858294522,0.8824505563825369,0.6110804028533123]"
513,"[-0.026262618157835232,0.4309027561297019,-0.23101515606755302,0.34429816538024516,0.35583280541357537]"
514,"[0.08997328138279496,0.10882986595647202,0.1091203487591532,0.07822686567823722,-0.004292067268459254]"
515,"[-0.31292216680370843,0.093309975336664,0.07331678070701086,0.11548496686065426,-0.05941893489888082]"
516,"[-0.05056563229300082,0.2220890556595155,-0.066427098054971,0.22387403302959033,0.2240986180092607]"
517,"[0.009514976617043154,0.035303935178708806,0.036077279137753986,0.12035105053830561,0.10124659942922808]"
518,"[0.16158234407859187,0.0869675757962146,0.31807872865881237,-0.09676532706777964,-0.03974920138716698]"
519,"[-0.19794923040483678,0.02701985201842728,0.1203313530866234,-0.0073185914329120085,-0.07929605192371776]"
520,"[0.04666792447409354,0.10372894614249899,0.13717003120879126,-0.0010459179131791366,0.012628937621162205]"
521,"[0.04795113244009289,0.004780315328389406,-0.24153341894800012,0.34992327490313485,0.34917957289144397]"
522,"[0.0691360525300049,0.1262650250326701,0.15496765076055785,-0.004468161141796207,-0.036737235453487796]"
523,"[-0.22801336166513564,0.060284209005153064,0.1037865469439162,0.0138181421368952,-0.05958492603773872]"
524,"[0.27733724322801423,0.3137488685611446,-0.07789157987651178,0.445675197365236,0.3778556310650656]"
525,"[-0.0497509739196184,0.04729751404043799,0.1308190903937559,0.004138055933370162,-0.05990765959474643]"
526,"[-0.11253486646455713,0.0774405908693249,0.09683671430684626,0.053578916723684714,-0.051128790801158175]"
527,"[0.09821138954922397,0.07666980715723132,0.08178206698017584,0.09317118661535113,0.060909986222102544]"
528,"[-0.032061539732644126,0.14392929062402496,0.04747556350452618,0.17447108842639458,0.08710591682595097]"
529,"[-0.0837247311655018,0.05821613967418671,-0.41465989417499965,0.4856909381018744,0.40141140876544845]"
530,"[-0.3597163859316531,0.0669525310068446,-0.5383088474764544,1.1182936973431532,0.7390104602364933]"
531,"[0.11543315074717005,0.263112003604571,-0.014177021260062853,0.3303620809068282,0.33832920792823035]"
532,"[0.201551735046364,0.24796070511053714,0.01929853120375247,0.2792491914782052,0.23440297365942525]"
533,"[0.10546114561813218,0.1921913638112268,0.17206138370758187,-0.02267093437590769,-0.03313694067765027]"
534,"[-0.060120941533860876,0.023388755231859328,0.08422698611333049,0.006302467894110977,-0.06490721545073229]"
535,"[-0.011960379986299409,0.0836058755715688,0.43205413243008983,-0.17568741945756805,-0.015064245141628714]"
536,"[-0.4031560146767232,0.2319226909118394,-0.4741926242907842,0.7227826283778995,0.4726329543110397]"
537,"[-0.1932143247960245,0.02127151136450908,0.22169781947398887,-0.12779449679724433,-0.08989182478912613]"
538,"[-0.044242947718457264,-0.05690792027641745,0.05793112165787641,0.10827218183069763,0.05984765329562566]"
539,"[-0.14762381336798794,0.0770659806991094,0.16702251802933843,-0.17561366350242966,-0.04196416657712114]"
540,"[-0.05437729614121573,0.17162520318691218,0.11123774210656327,-0.025234359383050884,0.10842646605202129]"
541,"[-0.35325124207884073,0.17238484987885586,-0.45374134925401044,0.775050628516409,0.5460884733022087]"
542,"[-0.04939711542101577,0.1284476012806408,0.14060857002914418,-0.04380815906915814,0.05789377057226375]"
543,"[-0.06981954794856861,0.050638405420944436,0.09715449285233098,0.08079906832426786,0.016217048936100167]"
544,"[0.09515253706451725,-0.017073405714815155,-0.077400787432185,0.2026964424944976,0.15937657150275567]"
545,"[0.14682474918663502,0.03884945175377652,0.25186256889719516,0.0716345002874732,-0.09097683895379305]"
546,"[-0.08270257029353696,0.02289017482304617,-0.0004927145371980526,0.12397380180054289,0.03675775339498239]"
547,"[0.1863414963086446,0.1342983150233825,0.15113931422432264,0.06739674132938187,0.07570900943440695]"
548,"[-0.1045732127709521,-0.004085464247812827,0.07045411874747111,0.026280635269358754,0.012363016269066267]"
549,"[-0.07853149667304629,0.24581893176461259,0.1622278398523728,0.06431273370981216,0.22548711552129436]"
550,"[-0.21768918871413917,0.10893671236932279,0.16017703723162413,0.036664062086492775,-0.19981600714847447]"
551,"[-0.1117002268939084,0.035230171785494965,0.15780615519060817,0.011343843866746093,-0.07926759924089839]"
552,"[0.059829086042009295,0.15571118677034973,0.1082011717526863,3.094173346956571e-05,0.11672533511494597]"
553,"[-0.039212619746103884,0.11453383401967586,0.06432403418450401,-0.01090362944568579,0.019661874395723526]"
554,"[0.24363494911161598,0.06730499698210562,0.08124715531828688,0.15728223454832696,0.17188805947080255]"
555,"[0.07310329288427793,0.1158948438254824,0.027089973018983936,0.12604002969936012,0.07757177699720963]"
556,"[-0.15252496603083002,-0.044829244613302524,0.2211793150614809,-0.137768268680062,-0.083041169801382]"
557,"[-0.20058346120640635,0.29825748084113,-0.0863953836960718,0.3198471327777952,0.2746910378627945]"
558,"[0.033444506146847026,0.0946294921511588,0.05536080157310751,0.057703471730316154,0.014249885663096058]"
559,"[-0.12505150871972243,0.17927578356530932,-0.32515747278100915,0.5418921089213755,0.4570342229368786]"
560,"[-0.03514807226823732,0.07602336594080997,0.11446427241899074,-0.0046015363962699975,-0.05649868504122078]"
561,"[0.047732519558989085,0.12931076427128493,0.12169933192442162,0.0527131362475332,0.01802559911048265]"
562,"[-0.011714110832594066,0.09543665977340776,0.10978498692197883,0.038927758109744595,-0.006512226933804172]"
563,"[0.014784716509001435,-0.049546585242562696,0.0675944161935235,0.15845641965389182,0.025795434241376394]"
564,"[-0.034170119240340115,-0.0037248688716225433,0.1349294892296303,0.022875146397079032,-0.17294643923262323]"
565,"[-0.6421878226101398,0.4316703815711662,-0.6889402214437723,0.9700569864944555,0.6822609882801771]"
566,"[-0.38170428873438916,0.2779448724440521,-0.4868859325846036,0.671827593507866,0.5059742585179351]"
567,"[-0.09373563605292541,0.006189305005913101,0.1382819108733135,-0.022826234616975232,-0.19215074567146964]"
568,"[-0.11758792309282237,0.1722064017701675,-0.07980431079426233,0.21365280986270482,0.13683386256589608]"
569,"[-0.4811286558707555,0.25965182185173036,-0.5479858060677846,0.985509260247151,0.6272062530120214]"
570,"[0.08125997385650408,0.23329898946394678,0.046994862335850485,0.12120201533252839,0.21487071257433854]"
571,"[0.27393463167928805,0.15283322326191093,0.16314752541644417,0.07975539103474306,-0.017117602102782414]"
572,"[0.28521797257525583,0.2099798991237113,0.062481213441842105,0.20103970671761473,0.14435191673884737]"
573,"[-0.032668876700617765,0.06202979706370482,0.11678202558053477,0.035879310152883974,-0.00035301389758505164]"
574,"[-0.5032498467275325,0.456006528919234,-0.6059055608861587,0.8763010063592125,0.5790638125994626]"
575,"[0.0345045701334519,0.139237679541111,0.17721427604556084,0.1049665699579886,-0.04123335571161338]"
576,"[0.16394940194570354,0.1393198931796683,0.20450719073414803,-0.020677620648509924,-0.06808650912716985]"
577,"[0.29687546053901315,0.21447446437575565,0.07648942586613738,0.21178604863342587,0.1557315772422302]"
578,"[-0.0563400003942661,-0.05756210898980499,0.13200496621429922,-0.003845050185918808,-0.13155176974833013]"
579,"[-0.03962552205659449,0.07958605735562742,-0.06933347999118268,0.253437323179096,0.11124904259108007]"
580,"[0.017869415909035114,0.13297084399901732,0.09042221310061847,0.006865963777149649,0.024427337439831446]"
581,"[-0.3201278123472418,0.11278220787644386,0.2235652078475271,-0.1803243230496134,-0.031612076330929995]"
582,"[-0.11202860954955857,0.013822254474933555,0.26104340220733385,-0.053159152782272276,-0.1928345191565047]"
583,"[-0.17697221040725708,0.11827931562928776,-0.09268275922850558,0.220062633510679,0.05959352399957807]"
584,"[-0.29464795783192654,0.1889194307818276,-0.3944339622193795,0.6685577407708301,0.4226083597015651]"
585,"[0.0052176622483371335,0.07372683342969552,0.1121845183640041,0.03500387904403562,-0.005827162054960023]"
586,"[-0.04907017083664284,0.04350298152216736,0.10420301882257456,0.04217606281872069,-0.06947569618087429]"
587,"[0.06894298976283822,0.1021953889490653,0.016682088813360998,0.12482143336177721,0.09512999079529169]"
588,"[-0.45703274256696824,0.43767086690977997,-0.6071456788401854,0.731609836612877,0.5505606388967288]"
589,"[-0.27182214607580985,0.22427199087266264,-0.4157998884289429,0.7049321681261063,0.5229512113949348]"
590,"[0.15026698813706904,0.09526887039776402,0.1017276141115379,0.09168841360012567,0.07875843061342004]"
591,"[-0.0915718524386951,0.17263341966706017,0.10093488421989605,0.03532941089360975,0.04000248247757554]"
592,"[-0.36260792330595787,0.17482847420741682,-0.4564557370284329,0.8718954493220814,0.6056932789152083]"
593,"[0.016169176446436364,0.1826287985584417,0.041556570895536,0.0789588579832208,0.1718467650718467]"
594,"[0.004864333361085203,0.05541961177227062,-0.0432822390102366,0.19606959091788914,0.10488793833835705]"
595,"[0.14013359278632218,0.20850635588388233,0.04785437268369338,0.15555976135382318,0.09815747893470175]"
596,"[-0.04303836876331918,0.03603284940608356,0.12108856070729304,-0.00243811135751208,-0.05750019297447081]"
597,"[0.19649648687017449,0.14815217287735172,0.0799353330070987,0.11057548457067576,0.0778417825717711]"
598,"[-0.15642019538208843,-0.06980788105477889,0.19666421065727868,-0.14114767567565042,-0.06666110626732309]"
599,"[0.12276664752984959,0.13507755897865678,0.10245333114565398,0.03125447481380481,0.030976892069080157]"
600,"[0.023506657900819506,0.08372085609043818,0.12172797329994063,0.01627329953130663,0.017881809410499168]"
601,"[-0.02998862963784294,0.09650614861034087,0.20744536504072628,-0.0955344106433145,-0.05484931965444967]"
602,"[-0.35032252631046706,0.2365917333970881,-0.46889809199988286,0.7075454617540041,0.5066211994185491]"
603,"[0.07058804280800351,0.07077956736893401,0.04566709533892903,0.05010007006086436,0.013210525185772967]"
604,"[-0.24518705906600438,0.24505955805282365,-0.359175569801168,0.39067549451084976,0.29711204403164715]"
605,"[0.016931369385789506,0.1030112403856877,0.08871009708113539,-0.005287795902964158,0.021076868118073504]"
606,"[0.01954092552537307,0.04991790371662884,0.07574651468918184,0.02019350586643634,-0.012128830160968444]"
607,"[0.08387576561286911,0.11390218230463597,0.019589908356014808,0.17529870069644474,0.0984700788945161]"
608,"[-0.05214291985695516,0.06061655281955609,0.10041539225109902,-0.05619275369099341,-0.05176052265118675]"
609,"[-0.5065080805215985,0.3077396867796779,-0.43707769587636,0.7553208854049445,0.5521959967911244]"
610,"[-0.02850368501867262,0.02833005220199638,0.10893513705977315,-0.0029391805840055505,-0.08583290838156388]"
